URL,Upvotes,No of Answers,Frequency
https://stackoverflow.com/questions/5062614/how-to-decide-when-to-use-node-js,2194,17,2
https://stackoverflow.com/questions/43920942/unexpected-outcome-of-node-js-vs-asp-net-core-performance-test?noredirect=1,196,2,1
https://stackoverflow.com/questions/66970588/confused-about-nodes-purpose?noredirect=1,0,0,1
https://stackoverflow.com/questions/5617683/why-and-when-to-use-node-js?noredirect=1,142,4,1
https://stackoverflow.com/questions/9290160/node-js-vs-net-performance?noredirect=1,209,5,1
https://stackoverflow.com/questions/6156501/read-a-file-one-line-at-a-time-in-node-js?noredirect=1,674,29,1
https://stackoverflow.com/questions/51006763/uncaught-typeerror-cannot-read-property-setattribute-of-undefined-at-object-o?noredirect=1,19,6,1
https://stackoverflow.com/questions/9546225/nodejs-how-to-create-a-non-blocking-computation?noredirect=1,19,5,1
https://stackoverflow.com/questions/16313224/write-php-non-blocking-applications?noredirect=1,28,5,1
https://stackoverflow.com/questions/16384339/node-js-php-javascript-confusion?noredirect=1,37,2,1
https://stackoverflow.com/questions/24306893/what-is-the-difference-between-compilation-and-interpretation?noredirect=1,17,2,1
https://stackoverflow.com/questions/111102/how-do-javascript-closures-work,7625,86,1
https://stackoverflow.com/questions/178325/how-do-i-check-if-an-element-is-hidden-in-jquery,8295,63,1
https://stackoverflow.com/questions/208105/remove-properties-from-objects-javascript,6914,32,1
https://stackoverflow.com/questions/1335851/what-does-use-strict-do-in-javascript-and-what-is-the-reasoning-behind-it,8097,29,1
https://stackoverflow.com/questions/1789945/how-to-check-whether-a-string-contains-a-substring-in-javascript,7417,3,1
https://stackoverflow.com/questions/503093/how-do-i-redirect-to-another-webpage,7710,58,1
https://stackoverflow.com/questions/5266152/how-to-exit-in-node-js,2106,22,1
